1,How to get a good grade in 677 in 20 minutes a day,10,23-Apr-2019 (20:09:54.949697)
2,RPCs for Dummies,15,23-Apr-2019 (20:09:57.417843)
3,Xen and the Art of Surviving Graduate School,5,23-Apr-2019 (20:09:59.229906)
4,Cooking for the Impatient Graduate Student,12,23-Apr-2019 (20:10:00.495238)
1,How to get a good grade in 677 in 20 minutes a day,10,23-Apr-2019 (20:33:17.678232)
1,How to get a good grade in 677 in 20 minutes a day,10,23-Apr-2019 (20:42:24.707751)
1,How to get a good grade in 677 in 20 minutes a day,10,23-Apr-2019 (20:46:32.959476)
1,How to get a good grade in 677 in 20 minutes a day,10,23-Apr-2019 (20:48:44.896817)
1,How to get a good grade in 677 in 20 minutes a day,10,23-Apr-2019 (20:51:12.606644)
1,How to get a good grade in 677 in 20 minutes a day,10,23-Apr-2019 (20:57:09.473891)
2,RPCs for Dummies,15,23-Apr-2019 (20:57:13.686606)
3,Xen and the Art of Surviving Graduate School,5,23-Apr-2019 (20:57:15.279979)
4,Cooking for the Impatient Graduate Student,12,23-Apr-2019 (20:57:18.031577)
1,How to get a good grade in 677 in 20 minutes a day,10,23-Apr-2019 (21:31:10.192573)
2,RPCs for Dummies,15,23-Apr-2019 (22:30:48.160577)
2,RPCs for Dummies,15,23-Apr-2019 (22:33:43.484604)
2,RPCs for Dummies,15,23-Apr-2019 (22:34:29.782020)
1,How to get a good grade in 677 in 20 minutes a day,10,23-Apr-2019 (22:46:10.264579)
1,How to get a good grade in 677 in 20 minutes a day,10,23-Apr-2019 (22:46:43.890836)
2,RPCs for Dummies,15,23-Apr-2019 (22:46:56.312526)
1,How to get a good grade in 677 in 20 minutes a day,10,23-Apr-2019 (22:52:18.021605)
2,RPCs for Dummies,15,23-Apr-2019 (22:52:19.411903)
3,Xen and the Art of Surviving Graduate School,5,23-Apr-2019 (22:52:21.933200)
4,Cooking for the Impatient Graduate Student,12,23-Apr-2019 (22:52:23.057928)
1,How to get a good grade in 677 in 20 minutes a day,10,23-Apr-2019 (23:36:43.649876)
2,RPCs for Dummies,15,23-Apr-2019 (23:36:47.820639)
3,Xen and the Art of Surviving Graduate School,5,23-Apr-2019 (23:36:49.414015)
4,Cooking for the Impatient Graduate Student,12,23-Apr-2019 (23:36:50.788684)
1,How to get a good grade in 677 in 20 minutes a day,10,23-Apr-2019 (23:37:21.143916)
1,How to get a good grade in 677 in 20 minutes a day,10,23-Apr-2019 (23:37:23.341688)
2,RPCs for Dummies,15,23-Apr-2019 (23:37:25.778726)
3,Xen and the Art of Surviving Graduate School,5,23-Apr-2019 (23:37:27.496956)
4,Cooking for the Impatient Graduate Student,12,23-Apr-2019 (23:37:28.752559)
1,How to get a good grade in 677 in 20 minutes a day,10,23-Apr-2019 (23:41:30.396187)
1,How to get a good grade in 677 in 20 minutes a day,10,23-Apr-2019 (23:41:38.763287)
4,Cooking for the Impatient Graduate Student,12,23-Apr-2019 (23:42:12.107570)
4,Cooking for the Impatient Graduate Student,12,23-Apr-2019 (23:42:13.906386)
4,Cooking for the Impatient Graduate Student,12,23-Apr-2019 (23:42:15.140473)
4,Cooking for the Impatient Graduate Student,12,23-Apr-2019 (23:42:17.358686)
1,How to get a good grade in 677 in 20 minutes a day,10,23-Apr-2019 (23:42:29.468031)
1,How to get a good grade in 677 in 20 minutes a day,10,23-Apr-2019 (23:42:31.405075)
1,How to get a good grade in 677 in 20 minutes a day,10,23-Apr-2019 (23:42:32.800450)
1,How to get a good grade in 677 in 20 minutes a day,10,23-Apr-2019 (23:42:33.878271)
1,How to get a good grade in 677 in 20 minutes a day,10,23-Apr-2019 (23:45:32.128489)
2,RPCs for Dummies,15,23-Apr-2019 (23:45:35.913638)
3,Xen and the Art of Surviving Graduate School,5,23-Apr-2019 (23:45:38.100623)
4,Cooking for the Impatient Graduate Student,12,23-Apr-2019 (23:45:39.355194)
1,How to get a good grade in 677 in 20 minutes a day,10,24-Apr-2019 (00:03:23.916497)
2,RPCs for Dummies,15,24-Apr-2019 (00:03:26.746893)
3,Xen and the Art of Surviving Graduate School,5,24-Apr-2019 (00:03:28.786851)
4,Cooking for the Impatient Graduate Student,12,24-Apr-2019 (00:03:30.427090)
1,How to get a good grade in 677 in 20 minutes a day,10,24-Apr-2019 (00:09:09.079943)
2,RPCs for Dummies,15,24-Apr-2019 (00:09:10.610819)
3,Xen and the Art of Surviving Graduate School,5,24-Apr-2019 (00:09:11.794925)
4,Cooking for the Impatient Graduate Student,12,24-Apr-2019 (00:09:13.116625)
1,How to get a good grade in 677 in 20 minutes a day,10,24-Apr-2019 (00:19:20.307053)
1,How to get a good grade in 677 in 20 minutes a day,10,24-Apr-2019 (00:20:17.628983)
1,How to get a good grade in 677 in 20 minutes a day,10,24-Apr-2019 (00:26:41.135399)
1,How to get a good grade in 677 in 20 minutes a day,10,24-Apr-2019 (00:27:01.630802)
1,How to get a good grade in 677 in 20 minutes a day,10,24-Apr-2019 (00:27:11.413079)
1,How to get a good grade in 677 in 20 minutes a day,10,24-Apr-2019 (00:27:20.195204)
1,How to get a good grade in 677 in 20 minutes a day,10,24-Apr-2019 (00:43:53.582646)
1,How to get a good grade in 677 in 20 minutes a day,10,24-Apr-2019 (00:43:58.925144)
1,How to get a good grade in 677 in 20 minutes a day,10,24-Apr-2019 (00:44:01.305794)
1,How to get a good grade in 677 in 20 minutes a day,10,24-Apr-2019 (00:44:03.399051)
1,How to get a good grade in 677 in 20 minutes a day,10,24-Apr-2019 (00:50:03.292269)
1,How to get a good grade in 677 in 20 minutes a day,10,24-Apr-2019 (00:50:07.776943)
1,How to get a good grade in 677 in 20 minutes a day,10,24-Apr-2019 (00:50:09.620261)
1,How to get a good grade in 677 in 20 minutes a day,10,24-Apr-2019 (00:50:10.984200)
1,How to get a good grade in 677 in 20 minutes a day,10,24-Apr-2019 (01:01:24.039586)
1,How to get a good grade in 677 in 20 minutes a day,10,24-Apr-2019 (01:01:26.094634)
1,How to get a good grade in 677 in 20 minutes a day,10,24-Apr-2019 (01:01:27.501654)
1,How to get a good grade in 677 in 20 minutes a day,10,24-Apr-2019 (01:01:28.765158)
1,How to get a good grade in 677 in 20 minutes a day,10,24-Apr-2019 (01:34:17.846500)
3,Xen and the Art of Surviving Graduate School,5,24-Apr-2019 (01:34:19.714086)
1,How to get a good grade in 677 in 20 minutes a day,10,24-Apr-2019 (01:34:54.604742)
1,How to get a good grade in 677 in 20 minutes a day,10,24-Apr-2019 (01:35:08.198332)
1,How to get a good grade in 677 in 20 minutes a day,10,24-Apr-2019 (01:35:09.493330)
1,How to get a good grade in 677 in 20 minutes a day,10,24-Apr-2019 (01:35:10.590611)
1,How to get a good grade in 677 in 20 minutes a day,10,24-Apr-2019 (01:35:33.402080)
1,How to get a good grade in 677 in 20 minutes a day,10,24-Apr-2019 (01:53:39.181826)
1,How to get a good grade in 677 in 20 minutes a day,10,24-Apr-2019 (01:53:41.030776)
1,How to get a good grade in 677 in 20 minutes a day,10,24-Apr-2019 (01:53:42.020872)
1,How to get a good grade in 677 in 20 minutes a day,10,24-Apr-2019 (01:53:42.921218)
1,How to get a good grade in 677 in 20 minutes a day,10,24-Apr-2019 (01:53:43.869333)
1,How to get a good grade in 677 in 20 minutes a day,10,24-Apr-2019 (01:53:45.411019)
